id,turno_id,orador,speaker_id,inicio,fin,duracion,breve,texto,n_palabras,velocidad_ppm,carga_retorica,polaridad,emocion_dominante,f0_media_hz,f0_sd_st,f0_rango_st,intensidad_media_db,intensidad_sd_db,velocidad_articulacion,pausas_por_min,frac_pausa,frac_con_rostro,rostro_parece_hablar,tipo_plano,n_cambios_plano,tension_ceno,cejas_elevadas,presion_labios,sonrisa,desagrado,apertura_boca,energia_gestual,movimiento_cabeza,z_f0_media_hz,z_intensidad_media_db,z_f0_sd_st,z_velocidad_articulacion,z_energia_gestual,z_movimiento_cabeza,z_tension_ceno,z_cejas_elevadas,z_presion_labios,z_carga_retorica,activacion_vocal,activacion_corporal,activacion_no_verbal,desfase_verbal_no_verbal,m_absolutos,m_amenaza,m_atenuadores,m_cifras,m_datos_fuentes,m_ellos,m_intensificadores,m_moral,m_negacion,m_nosotros,m_preguntas,m_verdad_dada,m_yo
0,0,Presidencia de la sesión,SPEAKER_00,1.0,5.21,4.21,False,Se abre la sesión. Tiene la palabra el senador Ramírez.,10,142.5,0.0,,,110.2,0.65,2.16,67.3,13.86,2.66,14.3,0.107,0.0,False,sin_rostro,1,,,,,,,,,-0.537,-0.618,1.179,1.14,,,,,,,0.008,,0.008,,0,0,0,0,0,0,0,0,0,0,0,0,0
1,1,Senador Ramírez,SPEAKER_01,8.16,27.38,19.22,False,"Gracias, señor Presidente. Nosotros siempre hemos dicho que la seguridad de las familias es lo primero. Hoy vivimos una crisis de inseguridad sin precedentes, la delincuencia avanza y el gobierno no hace nada. Todos sabemos que la seguridad de las familias no puede esperar.",44,137.4,18.18,,,130.7,0.64,2.07,73.5,14.67,2.46,9.4,0.07,1.0,True,plano_medio,1,0.0245,0.0242,0.0252,0.023,0.0255,0.2564,0.1067,1.5889,-0.568,-0.801,-0.249,-1.051,-0.576,-0.541,-0.58,-0.277,0.821,1.287,-0.539,-0.566,-0.552,1.839,3,3,0,0,0,1,0,0,2,3,0,1,0
2,1,Senador Ramírez,SPEAKER_01,27.83,36.17,8.34,False,Nunca vamos a aceptar este caos. Los chilenos exigen orden y nosotros vamos a defender la seguridad de las familias.,20,143.9,10.0,,,130.5,0.47,1.49,73.9,14.28,2.53,7.2,0.054,1.0,True,plano_medio,0,0.0259,0.0252,0.0241,0.0235,0.025,0.2579,0.1058,1.389,-0.587,-0.32,-0.852,0.111,-0.579,-0.613,-0.574,1.109,-1.114,0.076,-0.586,-0.589,-0.587,0.663,1,1,0,0,0,0,0,0,0,3,0,0,0
3,2,Presidencia de la sesión,SPEAKER_00,39.12,42.9,3.78,False,"Gracias, senador. Tiene la palabra la senadora Contreras.",8,127.0,0.0,,,111.9,0.53,1.73,67.6,13.82,2.4,15.9,0.119,0.0,False,sin_rostro,1,,,,,,,,,1.448,-0.461,-1.26,-1.14,,,,,,,-0.091,,-0.091,,0,0,0,0,0,0,0,0,0,0,0,0,0
4,3,Senadora Contreras,SPEAKER_02,45.85,61.06,15.21,False,"Gracias, Presidente. Según el informe de la Fiscalía, los delitos violentos bajaron 4,5 por ciento el último año. Creo que es posible que existan zonas donde la percepción de temor aumentó, y eso hay que atenderlo.",36,138.1,2.86,,,212.1,0.58,1.96,70.5,13.69,2.52,7.9,0.059,1.0,True,plano_medio,0,0.0268,0.0237,0.0252,0.0258,0.0241,0.254,0.1059,1.452,,,,,,,,,,-0.982,,,,,0,1,1,1,3,0,0,0,0,0,0,0,0
5,3,Senadora Contreras,SPEAKER_02,61.51,73.07,11.56,False,Pero los datos muestran otra cosa. Quizás deberíamos mirar las cifras regionales antes de hablar de caos. El estudio de la universidad indica 12 comunas prioritarias.,26,129.8,4.0,,,208.7,0.58,2.0,70.3,14.01,2.44,10.4,0.078,1.0,True,plano_medio,0,0.022,0.0265,0.0252,0.0218,0.024,0.2576,0.1076,1.6052,,,,,,,,,,-0.813,,,,,0,1,1,1,3,0,0,0,0,0,0,0,0
6,4,Presidencia de la sesión,SPEAKER_00,76.02,78.08,2.06,False,"Senador Ramírez, tiene la palabra.",5,145.6,0.0,,,110.4,0.59,2.19,70.9,10.74,2.43,0.0,0.0,0.0,False,sin_rostro,0,,,,,,,,,-0.304,1.268,-0.041,-0.877,,,,,,,0.308,,0.308,,0,0,0,0,0,0,0,0,0,0,0,0,0
7,5,Senador Ramírez,SPEAKER_01,81.03,101.47,20.44,False,"Presidente, la realidad es que la gente tiene miedo. Las cifras no le importan a una madre que no puede salir de noche. Es evidente que ellos no entienden la seguridad de las familias. Absolutamente nadie en este gobierno se hace cargo. Es gravísimo. Es una vergüenza.",47,138.0,17.02,,,149.0,1.02,3.43,75.1,16.79,2.58,14.7,0.11,1.0,True,plano_medio,0,0.45,0.0238,0.0249,0.026,0.0259,0.2531,0.6444,6.3579,1.155,1.121,1.101,0.94,1.155,1.154,1.155,-0.832,0.293,1.116,1.126,1.155,1.14,-0.024,2,2,0,0,1,1,1,1,3,2,0,2,0
8,6,Presidencia de la sesión,SPEAKER_00,104.42,107.09,2.67,False,Ofrezco la palabra a la ministra Soto.,7,157.3,0.0,,,111.1,0.63,2.16,70.1,11.29,2.62,0.0,0.0,0.0,False,sin_rostro,0,,,,,,,,,0.514,0.849,0.772,0.789,,,,,,,0.712,,0.712,,0,0,0,0,0,0,0,0,0,0,0,0,0
9,7,Ministra Soto,SPEAKER_03,110.04,129.98,19.94,False,"Muchas gracias. Quiero precisar algunos datos. De acuerdo con las estadísticas oficiales, invertimos 300 millones en prevención comunitaria. Probablemente no es suficiente y lo reconocemos. Pienso que debemos trabajar juntos, con responsabilidad, porque la seguridad es un derecho de todas las personas.",42,123.4,4.88,,,191.7,0.63,2.06,69.4,13.9,2.32,12.0,0.09,1.0,True,plano_medio,0,0.024,0.0247,0.0243,0.0265,0.0253,0.2549,0.108,1.5597,,,,,,,,,,-0.683,,,,,1,0,2,1,4,1,0,1,1,0,0,0,0
10,8,Presidencia de la sesión,SPEAKER_00,132.93,135.74,2.81,False,"Gracias, ministra. Se levanta la sesión.",6,128.1,0.0,,,109.7,0.56,2.12,66.5,14.62,2.54,21.4,0.16,0.0,False,sin_rostro,1,,,,,,,,,-1.121,-1.038,-0.65,0.088,,,,,,,-0.936,,-0.936,,0,0,0,0,0,0,0,0,0,0,0,0,0
